{"info":{"year":"2022","version":"2","description":"Exported from roboflow.ai","contributor":"","url":"https://public.roboflow.ai/object-detection/undefined","date_created":"2022-11-09T00:12:30+00:00"},"licenses":[{"id":1,"url":"https://creativecommons.org/licenses/by/4.0/","name":"CC BY 4.0"}],"categories":[{"id":0,"name":"food","supercategory":"none"},{"id":1,"name":"rice","supercategory":"food"}],"images":[{"id":0,"license":1,"file_name":"1250145_jpg.rf.7b48eb460185babd6e12e761adde5dba.jpg","height":640,"width":640,"date_captured":"2022-11-09T00:12:30+00:00"},{"id":1,"license":1,"file_name":"1042399_jpg.rf.7c9db20ccac75489bb36068928fe255a.jpg","height":640,"width":640,"date_captured":"2022-11-09T00:12:30+00:00"},{"id":2,"license":1,"file_name":"114567_jpg.rf.787f3b48eed059326079313b3a0143fe.jpg","height":640,"width":640,"date_captured":"2022-11-09T00:12:30+00:00"},{"id":3,"license":1,"file_name":"1323164_jpg.rf.353a2f51b6b7186e3fd0073596d0e00e.jpg","height":640,"width":640,"date_captured":"2022-11-09T00:12:30+00:00"},{"id":4,"license":1,"file_name":"117028_jpg.rf.092f2e0694a4447335251d7e48fdb8eb.jpg","height":640,"width":640,"date_captured":"2022-11-09T00:12:30+00:00"},{"id":5,"license":1,"file_name":"1332728_jpg.rf.1a7db7571839213afa5d239181d072d8.jpg","height":640,"width":640,"date_captured":"2022-11-09T00:12:30+00:00"},{"id":6,"license":1,"file_name":"68708_jpg.rf.8f49619f6b874ebfbe102c80c03d2d8b.jpg","height":640,"width":640,"date_captured":"2022-11-09T00:12:30+00:00"},{"id":7,"license":1,"file_name":"61692_jpg.rf.9a631a5a31fd7bf29803d57d3ae33c02.jpg","height":640,"width":640,"date_captured":"2022-11-09T00:12:30+00:00"},{"id":8,"license":1,"file_name":"61401_jpg.rf.6890dd104699dc797137add9d4e6269f.jpg","height":640,"width":640,"date_captured":"2022-11-09T00:12:30+00:00"},{"id":9,"license":1,"file_name":"1884122_jpg.rf.3450102493129b1850cfe758efa42b3d.jpg","height":640,"width":640,"date_captured":"2022-11-09T00:12:30+00:00"},{"id":10,"license":1,"file_name":"228971_jpg.rf.aa2156460d866726274daeffb9a3e5ad.jpg","height":640,"width":640,"date_captured":"2022-11-09T00:12:30+00:00"},{"id":11,"license":1,"file_name":"49075_jpg.rf.6c46837fe784f6479f1aae1b29c0bfde.jpg","height":640,"width":640,"date_captured":"2022-11-09T00:12:30+00:00"},{"id":12,"license":1,"file_name":"41102_jpg.rf.56d5d011eabfc5b6410504f2735d94a5.jpg","height":640,"width":640,"date_captured":"2022-11-09T00:12:30+00:00"},{"id":13,"license":1,"file_name":"26845_jpg.rf.5c6498ee1471c09e99f1c80dbf84fe30.jpg","height":640,"width":640,"date_captured":"2022-11-09T00:12:30+00:00"},{"id":14,"license":1,"file_name":"245314_jpg.rf.ada0af9f3095400fb3e9ab1cae3fb850.jpg","height":640,"width":640,"date_captured":"2022-11-09T00:12:30+00:00"},{"id":15,"license":1,"file_name":"1021229_jpg.rf.2dbbc3ce6fdfd3f039ca6dfdc9a2bb7a.jpg","height":640,"width":640,"date_captured":"2022-11-09T00:12:30+00:00"},{"id":16,"license":1,"file_name":"259723_jpg.rf.bd9062ca356c432b8527957c4e33cab5.jpg","height":640,"width":640,"date_captured":"2022-11-09T00:12:30+00:00"},{"id":17,"license":1,"file_name":"62436_jpg.rf.7f52a34369458451976e6cc1d3f24a97.jpg","height":640,"width":640,"date_captured":"2022-11-09T00:12:30+00:00"},{"id":18,"license":1,"file_name":"1084_jpg.rf.bf81d3cca9c88198c8273e0eecfce924.jpg","height":640,"width":640,"date_captured":"2022-11-09T00:12:30+00:00"},{"id":19,"license":1,"file_name":"1086742_jpg.rf.e670352fdddb0e76e1a5e22855a2d4e2.jpg","height":640,"width":640,"date_captured":"2022-11-09T00:12:30+00:00"},{"id":20,"license":1,"file_name":"338763_jpg.rf.de2c3c6c78fb4f300681d942f82bd47c.jpg","height":640,"width":640,"date_captured":"2022-11-09T00:12:30+00:00"},{"id":21,"license":1,"file_name":"51266_jpg.rf.dfd6851577f339cb49f2ff9acff02c4f.jpg","height":640,"width":640,"date_captured":"2022-11-09T00:12:30+00:00"},{"id":22,"license":1,"file_name":"64950_jpg.rf.d4b69a949a624ca76f2272176c24bca7.jpg","height":640,"width":640,"date_captured":"2022-11-09T00:12:30+00:00"},{"id":23,"license":1,"file_name":"165848_jpg.rf.5a5a23c04a58cfed7d4b6df6720b2a13.jpg","height":640,"width":640,"date_captured":"2022-11-09T00:12:30+00:00"},{"id":24,"license":1,"file_name":"1223362_jpg.rf.e7c38c9f6877d7b4f1cf5e331ea672bc.jpg","height":640,"width":640,"date_captured":"2022-11-09T00:12:30+00:00"},{"id":25,"license":1,"file_name":"31060_jpg.rf.13cbd7f3ec0886613f38a582586d132b.jpg","height":640,"width":640,"date_captured":"2022-11-09T00:12:30+00:00"},{"id":26,"license":1,"file_name":"1285028_jpg.rf.4e4bfb922c49fce29de705c1c7905c48.jpg","height":640,"width":640,"date_captured":"2022-11-09T00:12:30+00:00"},{"id":27,"license":1,"file_name":"59189_jpg.rf.ef64de7856dcb66c9da3ff06fed4a3a1.jpg","height":640,"width":640,"date_captured":"2022-11-09T00:12:30+00:00"},{"id":28,"license":1,"file_name":"273524_jpg.rf.eb6f7d64ded7fcd4665330d37dd5d95c.jpg","height":640,"width":640,"date_captured":"2022-11-09T00:12:30+00:00"},{"id":29,"license":1,"file_name":"549585_jpg.rf.f662e2059bb6a6f6975c1c6b54c4ab1c.jpg","height":640,"width":640,"date_captured":"2022-11-09T00:12:30+00:00"},{"id":30,"license":1,"file_name":"1477942_jpg.rf.f6db0e5fdf7a43051e36361727781951.jpg","height":640,"width":640,"date_captured":"2022-11-09T00:12:30+00:00"},{"id":31,"license":1,"file_name":"1391_jpg.rf.b41ec134429c5053e7fd09c01adaf9e9.jpg","height":640,"width":640,"date_captured":"2022-11-09T00:12:30+00:00"}],"annotations":[{"id":0,"image_id":0,"category_id":1,"bbox":[0,0,640,640],"area":409600,"segmentation":[[295.702,0,209.115,21.429,103.783,43.75,2.107,113.393,0,474.174,0,586.903,117.67,640,640,640,640,451.298,639.372,0,295.702,0]],"iscrowd":0},{"id":1,"image_id":1,"category_id":1,"bbox":[3,86,628.274,393.519],"area":247237.326,"segmentation":[[159.885,453.704,281.384,467.593,402.189,479.63,491.751,450.926,593.116,370.37,627.135,270.37,631.301,220.37,551.459,167.593,474.394,124.074,375.112,86.111,255.001,88.889,180.713,103.704,122.394,123.148,77.266,162.037,35.609,203.704,3.027,271.296,35.609,324.074,75.877,398.148,159.885,453.704]],"iscrowd":0},{"id":2,"image_id":2,"category_id":1,"bbox":[59,59,483.219,550],"area":265770.332,"segmentation":[[114.063,206.481,99.483,211.111,61.992,248.148,59.214,355.556,82.82,411.111,64.769,490.741,141.834,550.926,334.149,609.259,430.654,566.667,516.745,491.667,542.433,373.148,537.573,264.815,500.082,158.333,448.705,100.926,374.417,61.111,309.849,59.259,220.982,68.519,139.138,149.074,121.7,155.556,104.343,182.407,114.063,206.481]],"iscrowd":0},{"id":3,"image_id":3,"category_id":1,"bbox":[0,0,638.938,639.815],"area":408802.062,"segmentation":[[236.871,0,186.962,31.481,141.139,33.333,141.139,54.63,83.514,103.704,65.463,124.074,41.163,117.593,32.138,139.815,46.023,181.481,31.443,216.667,3.672,249.074,0,278.947,0,325.912,5.061,357.407,1.589,448.148,97.4,517.593,83.514,572.222,93.234,612.963,125.865,612.963,159.191,631.481,170.299,639.815,548.682,638.889,577.841,595.37,633.384,609.259,638.938,573.148,638.244,205.556,577.147,154.63,539.656,166.667,410.52,37.037,366.78,12.963,318.181,4.63,293.187,11.111,242.558,0,236.871,0]],"iscrowd":0},{"id":4,"image_id":4,"category_id":1,"bbox":[106,122,394.277,412.963],"area":162821.732,"segmentation":[[274.441,535.185,374.417,519.444,440.374,470.37,486.197,394.444,500.776,298.148,480.642,233.333,454.26,194.444,405.66,146.296,352.895,129.63,279.301,122.222,252.224,137.037,182.102,163.889,145.305,199.074,122.394,238.889,106.5,314.815,131.42,437.963,185.573,501.852,274.441,535.185]],"iscrowd":0},{"id":5,"image_id":5,"category_id":1,"bbox":[69,80,453.464,399.107],"area":180980.695,"segmentation":[[355.509,479.464,404.605,468.75,450.13,425,492.976,378.571,517.971,342.857,522.434,277.679,513.507,211.607,458.163,135.714,380.503,95.536,261.781,80.357,174.302,102.679,119.851,141.964,85.93,201.786,73.433,266.964,68.97,339.286,81.467,364.286,98.427,400.893,137.821,436.607,208.223,466.071,282.312,479.464,355.509,479.464]],"iscrowd":0},{"id":6,"image_id":6,"category_id":1,"bbox":[127,38,431.148,522.222],"area":225154.959,"segmentation":[[211.262,550.926,268.887,560.185,431.348,557.407,529.936,550.926,543.127,462.037,557.707,305.556,533.408,198.148,477.171,81.481,465.368,61.111,325.818,37.963,227.924,62.037,184.879,92.593,136.361,230.556,126.56,328.704,134.197,489.815,154.331,539.815,211.262,550.926]],"iscrowd":0},{"id":7,"image_id":7,"category_id":1,"bbox":[1,0,639.105,640],"area":409027.26,"segmentation":[[640,457.067,638.938,378.704,612.555,239.815,597.976,162.037,528.548,40.741,441.763,0,109.203,0.926,55.049,81.481,52.966,146.296,0.895,179.63,1.589,238.889,15.475,286.111,5.111,362.037,9.226,405.556,32.832,404.63,56.437,418.519,61.992,509.259,84.903,585.185,155.719,639.815,245.281,640,603.786,640,640,535.357,640,457.067]],"iscrowd":0},{"id":8,"image_id":8,"category_id":1,"bbox":[0,104,640,534.819],"area":342284.104,"segmentation":[[640,319.574,631.093,287.5,601.338,214.286,554.92,193.75,472.797,163.393,419.238,141.071,379.962,127.679,297.838,104.464,270.464,108.929,218.095,125,96.856,143.75,75.272,164.286,50.278,200.893,32.425,256.25,2.67,315.179,0,557.552,0,639.283,638.234,637.5,640,523.551,640,319.574]],"iscrowd":0},{"id":9,"image_id":9,"category_id":1,"bbox":[164,179,476.286,447.321],"area":213053.055,"segmentation":[[640,298.423,635.8,282.143,604.557,248.214,562.603,209.821,507.259,187.5,442.096,178.571,386.752,182.143,320.696,197.321,275.171,216.964,254.64,246.429,225.183,298.214,197.511,330.357,163.714,431.25,189.477,505.357,266.245,562.5,388.537,597.321,486.728,625.893,553.676,583.929,609.02,538.393,638.478,488.393,640,427.487,640,298.423]],"iscrowd":0},{"id":10,"image_id":10,"category_id":1,"bbox":[0,83,635.467,465.387],"area":295737.848,"segmentation":[[0,485.099,143.222,533.333,221.676,544.503,350.812,548.226,452.177,534.264,537.573,503.549,601.447,457.941,635.467,356.486,634.772,344.386,590.339,303.432,559.79,266.201,529.242,248.517,491.751,207.563,472.311,207.563,423.711,183.362,357.755,126.585,321.652,92.147,292.492,82.839,248.059,100.524,216.816,131.239,177.242,139.616,121.7,152.647,0.25,240.14,0,322.339,0,485.099]],"iscrowd":0},{"id":11,"image_id":11,"category_id":1,"bbox":[3,0,636.655,639.815],"area":407341.067,"segmentation":[[204.481,0,82.888,86.111,41.857,194.444,27.278,373.148,2.978,482.407,4.366,571.296,53.66,639.815,639.632,638.889,639.632,167.593,407.049,1.852,307.072,0,204.481,0]],"iscrowd":0},{"id":12,"image_id":12,"category_id":1,"bbox":[17,207,545.109,317.857],"area":173266.75,"segmentation":[[16.952,398.214,66.941,458.036,157.395,500,247.85,525,391.864,517.857,514.454,471.429,562.061,408.929,541.828,312.5,466.846,250.893,352.587,207.143,277.605,216.964,201.433,231.25,157.571,259.821,163.346,259.821,52.658,349.107,16.952,398.214]],"iscrowd":0},{"id":13,"image_id":13,"category_id":1,"bbox":[53,123,586.766,516.786],"area":303232.114,"segmentation":[[580.212,640,639.424,604.464,638.234,184.821,622.761,173.214,565.632,127.679,537.067,123.214,473.987,142.857,372.82,156.25,219.285,203.571,111.142,263.393,52.658,347.321,78.843,410.714,165.727,533.929,191.911,589.286,325.951,640,580.212,640]],"iscrowd":0},{"id":14,"image_id":14,"category_id":1,"bbox":[67,119,554.035,521.481],"area":288919.164,"segmentation":[[448.929,640,495.222,600,524.382,585.185,528.548,525,575.759,515.741,620.887,451.852,606.307,337.963,557.013,172.222,436.903,150.926,345.258,144.444,311.932,156.481,299.435,137.037,278.607,118.519,249.447,133.333,227.23,121.296,193.905,135.185,130.725,168.519,98.166,205.556,66.851,307.407,107.12,487.037,317.855,640,448.929,640]],"iscrowd":0},{"id":15,"image_id":15,"category_id":1,"bbox":[108,168,431.148,358.929],"area":154751.261,"segmentation":[[132.348,408.929,173.409,466.071,232.324,512.5,309.092,526.786,386.752,515.179,458.163,483.929,510.829,450,531.36,400.893,539.394,345.536,535.823,302.679,510.829,271.429,479.587,233.036,441.203,200,401.927,179.464,346.583,167.857,308.199,168.75,274.278,174.107,236.787,182.143,209.115,198.214,173.409,216.964,136.928,244.643,117.173,313.393,108.246,379.464,132.348,408.929]],"iscrowd":0},{"id":16,"image_id":16,"category_id":1,"bbox":[0,88,640,456.25],"area":292000,"segmentation":[[640,193.514,580.557,150.893,425.022,87.5,302.986,89.286,147.451,114.286,0.43,191.964,0,240.793,0,480.361,140.272,540.179,359.218,543.75,535.093,515.179,588.932,492.857,640,432.227,640,193.514]],"iscrowd":0},{"id":17,"image_id":17,"category_id":1,"bbox":[12,90,627.997,525],"area":329698.223,"segmentation":[[640,333.25,542.433,223.148,451.483,122.222,398.717,100,324.429,94.444,292.492,89.815,239.727,100,192.516,119.444,166.134,103.704,130.031,123.148,104.343,175,52.272,224.074,12.003,307.407,16.169,372.222,123.782,496.296,187.656,577.778,321.652,608.333,407.743,614.815,515.356,589.815,588.256,546.296,639.632,447.222,640,427.448,640,333.25]],"iscrowd":0},{"id":18,"image_id":18,"category_id":1,"bbox":[0,0,638.722,639.911],"area":408724.954,"segmentation":[[395.327,609.524,545.887,558.581,610.157,462.058,638.127,377.154,638.722,229.689,613.728,126.016,554.813,0.894,0.778,0,0,527.301,81.711,626.505,179.902,637.229,287.615,639.911,395.327,609.524]],"iscrowd":0},{"id":19,"image_id":19,"category_id":1,"bbox":[0,0,640,640],"area":409600,"segmentation":[[360.865,0,97.535,0.893,1.129,81.25,0,344.322,0,497.915,157.144,640,339.352,640,374.255,633.929,388.537,603.571,464.412,593.75,568.851,575.893,626.873,513.393,638.478,483.929,640,288.268,640,22.029,624.811,0,360.865,0]],"iscrowd":0},{"id":20,"image_id":20,"category_id":1,"bbox":[139,152,427.676,446.296],"area":190870.391,"segmentation":[[140.445,412.037,180.019,532.407,259.167,582.407,358.449,598.148,468.84,577.778,554.93,482.407,566.733,424.074,555.625,310.185,527.853,210.185,457.731,191.667,407.049,162.963,345.952,151.852,279.301,157.407,249.555,175.926,154.331,251.852,139.057,328.704,140.445,412.037]],"iscrowd":0},{"id":21,"image_id":21,"category_id":1,"bbox":[87,24,490.092,520.37],"area":255029.393,"segmentation":[[388.997,522.222,511.191,462.037,577.147,318.519,545.905,196.296,509.802,114.815,434.82,46.296,362.615,24.074,288.327,30.556,220.982,62.037,166.134,97.222,110.591,203.704,87.055,284.259,98.788,425,150.859,487.963,299.435,544.444,388.997,522.222]],"iscrowd":0},{"id":22,"image_id":22,"category_id":1,"bbox":[0,148,604.908,433.929],"area":262487.01,"segmentation":[[0,435.905,1.48,450.893,60.99,459.821,135.972,518.75,191.911,540.179,325.213,582.143,369.25,543.75,409.717,485.714,456.134,500.893,535.877,458.929,590.626,394.643,604.908,325.893,544.208,250.893,489.46,201.786,406.146,148.214,318.072,156.25,220.476,161.607,156.205,175,56.38,220.536,2.67,282.143,0.29,354.464,0,372.071,0,435.905]],"iscrowd":0},{"id":23,"image_id":23,"category_id":1,"bbox":[99,90,541.212,549.715],"area":297512.126,"segmentation":[[640,394.924,638.244,331.355,602.141,245.724,577.841,197.324,505.636,107.97,482.725,108.901,466.062,124.724,457.731,165.678,395.246,147.993,394.552,111.693,380.666,105.177,356.366,95.87,293.187,90.285,255.001,102.385,220.287,108.901,177.242,129.378,141.222,166.608,98.788,278.301,114.063,385.34,151.554,490.518,330.233,640,342.897,640,391.774,638.511,542.433,614.311,616.721,512.856,640,460.842,640,394.924]],"iscrowd":0},{"id":24,"image_id":24,"category_id":1,"bbox":[0,94,639.763,516.071],"area":330163.604,"segmentation":[[640,129.8,605.74,99.107,459.954,93.75,285.548,120.536,103.986,231.25,75.366,297.321,32.435,299.107,0.237,369.643,0.237,508.929,38.789,546.429,205.947,603.571,345.472,609.821,410.763,591.964,558.337,575.893,586.064,597.321,638.833,577.679,640,285.793,640,129.8]],"iscrowd":0},{"id":25,"image_id":25,"category_id":1,"bbox":[89,152,302.706,252.778],"area":76517.355,"segmentation":[[140.445,368.519,214.733,404.63,314.015,387.037,353.589,362.037,391.774,288.889,382.055,252.778,364.698,244.444,316.098,188.889,218.899,151.852,180.019,156.481,161.968,158.333,132.114,167.593,116.916,179.63,89.068,237.037,93.928,311.111,140.445,368.519]],"iscrowd":0},{"id":26,"image_id":26,"category_id":1,"bbox":[0,0,639.799,640],"area":409471.599,"segmentation":[[194.136,0,158.496,20.37,144.611,57.407,66.157,102.778,43.246,148.148,1.638,234.259,0.895,233.333,0.201,462.963,22.418,498.148,27.278,639.815,120.311,639.815,224.036,640,638.94,640,640,174.102,640,30.399,578.536,0.926,451.482,0,194.136,0]],"iscrowd":0},{"id":27,"image_id":27,"category_id":1,"bbox":[36,14,558.201,591.649],"area":330259.186,"segmentation":[[263.811,605.949,353.075,573.775,482.807,563.05,578.617,515.682,594.09,391.454,580.998,289.568,512.561,173.384,431.033,75.967,309.038,14.3,237.031,58.092,176.332,98.31,141.221,152.828,84.142,278.844,35.889,452.227,102.54,521.938,188.829,587.181,263.811,605.949]],"iscrowd":0},{"id":28,"image_id":28,"category_id":1,"bbox":[54,35,552.647,567.593],"area":313678.213,"segmentation":[[190.433,519.444,321.652,602.778,439.68,592.593,544.516,529.63,598.67,373.148,606.307,266.667,561.873,225.926,505.636,107.407,358.449,92.593,305.684,35.185,153.636,111.111,93.928,169.444,57.132,242.593,53.66,305.556,69.629,376.852,116.84,412.963,190.433,519.444]],"iscrowd":0},{"id":29,"image_id":29,"category_id":1,"bbox":[34,81,582.805,456.25],"area":265904.679,"segmentation":[[338.549,537.5,513.507,483.929,604.557,440.179,617.054,349.107,558.14,242.857,526.004,185.714,417.994,110.714,261.781,81.25,140.382,128.571,34.249,207.143,55.58,378.571,130.562,464.286,206.437,510.714,338.549,537.5]],"iscrowd":0},{"id":30,"image_id":30,"category_id":1,"bbox":[0,94,640,541.964],"area":346857.143,"segmentation":[[640,201.59,601.879,173.214,567.066,153.571,557.247,141.071,533.146,126.786,486.728,126.786,442.096,102.679,401.927,110.714,384.074,93.75,368.899,100,358.187,127.679,324.266,138.393,260.889,150.893,222.505,134.821,158.234,158.036,99.32,208.929,43.083,243.75,2.107,290.179,0,398.937,0,527.025,65.399,581.25,359.08,635.714,447.452,610.714,477.802,600.893,481.372,575.893,520.649,565.179,537.609,534.821,569.744,581.25,640,550.117,640,201.59]],"iscrowd":0},{"id":31,"image_id":31,"category_id":1,"bbox":[34,48,606.07,592.42],"area":359047.813,"segmentation":[[640,413.02,638.162,305.073,636.287,279.883,619.416,273.353,621.291,255.627,616.292,231.37,586.924,214.577,576.926,179.125,552.557,153.936,533.187,145.539,534.436,125.015,521.939,104.49,503.819,97.026,483.199,105.423,476.95,87.697,461.329,82.099,438.209,98.892,418.214,67.172,378.848,70.904,293.868,47.58,273.873,51.312,219.511,83.965,168.898,109.155,112.037,147.405,75.795,216.443,33.93,293.878,37.725,430.087,128.283,571.895,218.261,627.872,317.479,640,366.351,640,407.592,639.067,468.827,622.274,572.552,547.638,640,415.232,640,413.02]],"iscrowd":0}]}